{
  "anchors": [
    4.27,
    5.09,
    1.25,
    1.66,
    2.47,
    3.09,
    1.84,
    2.44,
    3.19,
    3.94
  ],
  "inputs": {
    "input0": [
      224,
      224,
      3
    ]
  },
  "outputs": {
    "output0": [
      7,
      7,
      45
    ]
  },
  "params_quantity": 1867581,
  "loss": [
    [
      1,
      1.37406
    ],
    [
      2,
      0.74337
    ],
    [
      3,
      0.50111
    ],
    [
      4,
      0.36249
    ],
    [
      5,
      0.32417
    ],
    [
      6,
      0.92182
    ],
    [
      7,
      0.32069
    ],
    [
      8,
      0.24887
    ],
    [
      9,
      0.19996
    ],
    [
      10,
      0.15027
    ],
    [
      11,
      0.11672
    ],
    [
      12,
      0.09668
    ],
    [
      13,
      0.09299
    ],
    [
      14,
      0.06681
    ],
    [
      15,
      0.05486
    ],
    [
      16,
      0.0471
    ],
    [
      17,
      0.03911
    ],
    [
      18,
      0.0369
    ],
    [
      19,
      0.03609
    ],
    [
      20,
      0.02952
    ],
    [
      21,
      0.02564
    ],
    [
      22,
      0.02459
    ],
    [
      23,
      0.02165
    ],
    [
      24,
      0.01914
    ],
    [
      25,
      0.0169
    ],
    [
      26,
      0.01489
    ],
    [
      27,
      0.01428
    ],
    [
      28,
      0.01352
    ],
    [
      29,
      0.01353
    ],
    [
      30,
      0.01102
    ],
    [
      31,
      0.01102
    ],
    [
      32,
      0.01072
    ],
    [
      33,
      0.00939
    ],
    [
      34,
      0.00863
    ],
    [
      35,
      0.00932
    ],
    [
      36,
      0.0085
    ],
    [
      37,
      0.0083
    ],
    [
      38,
      0.0081
    ],
    [
      39,
      0.00704
    ],
    [
      40,
      0.0065
    ],
    [
      41,
      0.00688
    ],
    [
      42,
      0.00633
    ],
    [
      43,
      0.00625
    ],
    [
      44,
      0.00645
    ],
    [
      45,
      0.00605
    ],
    [
      46,
      0.0058
    ],
    [
      47,
      0.00603
    ],
    [
      48,
      0.00547
    ],
    [
      49,
      0.00554
    ],
    [
      50,
      0.00572
    ],
    [
      51,
      0.00537
    ],
    [
      52,
      0.00557
    ],
    [
      53,
      0.00536
    ],
    [
      54,
      0.00472
    ],
    [
      55,
      0.00463
    ],
    [
      56,
      0.00496
    ],
    [
      57,
      0.00453
    ],
    [
      58,
      0.00458
    ],
    [
      59,
      0.00436
    ],
    [
      60,
      0.00412
    ],
    [
      61,
      0.0039
    ],
    [
      62,
      0.00398
    ],
    [
      63,
      0.00417
    ],
    [
      64,
      0.00423
    ],
    [
      65,
      0.00398
    ],
    [
      66,
      0.00405
    ],
    [
      67,
      0.00383
    ],
    [
      68,
      0.00394
    ],
    [
      69,
      0.00371
    ],
    [
      70,
      0.00364
    ],
    [
      71,
      0.00359
    ],
    [
      72,
      0.00329
    ],
    [
      73,
      0.00309
    ],
    [
      74,
      0.00291
    ],
    [
      75,
      0.00296
    ],
    [
      76,
      0.00278
    ],
    [
      77,
      0.00282
    ],
    [
      78,
      0.00296
    ],
    [
      79,
      0.0031
    ],
    [
      80,
      0.00309
    ],
    [
      81,
      0.00321
    ],
    [
      82,
      0.00282
    ],
    [
      83,
      0.00265
    ],
    [
      84,
      0.00277
    ],
    [
      85,
      0.00282
    ],
    [
      86,
      0.00276
    ],
    [
      87,
      0.00282
    ],
    [
      88,
      0.00275
    ],
    [
      89,
      0.0029
    ],
    [
      90,
      0.00262
    ],
    [
      91,
      0.00262
    ],
    [
      92,
      0.00257
    ],
    [
      93,
      0.00255
    ],
    [
      94,
      0.00262
    ],
    [
      95,
      0.00269
    ],
    [
      96,
      0.00257
    ],
    [
      97,
      0.00237
    ],
    [
      98,
      0.00241
    ],
    [
      99,
      0.00224
    ],
    [
      100,
      0.00224
    ]
  ],
  "acc": [
    [
      1,
      0.25502
    ],
    [
      2,
      0.35931
    ],
    [
      3,
      0.4437
    ],
    [
      4,
      0.38162
    ],
    [
      5,
      0.41373
    ],
    [
      6,
      0.31719
    ],
    [
      7,
      0.39258
    ],
    [
      8,
      0.33027
    ],
    [
      9,
      0.3385
    ],
    [
      10,
      0.33326
    ],
    [
      11,
      0.31165
    ],
    [
      12,
      0.3044
    ],
    [
      13,
      0.30342
    ],
    [
      14,
      0.31673
    ],
    [
      15,
      0.31547
    ],
    [
      16,
      0.31142
    ],
    [
      17,
      0.31935
    ],
    [
      18,
      0.31649
    ],
    [
      19,
      0.312
    ],
    [
      20,
      0.31534
    ],
    [
      21,
      0.31636
    ],
    [
      22,
      0.31724
    ],
    [
      23,
      0.31593
    ],
    [
      24,
      0.31372
    ],
    [
      25,
      0.31303
    ],
    [
      26,
      0.31607
    ],
    [
      27,
      0.31364
    ],
    [
      28,
      0.31779
    ],
    [
      29,
      0.31674
    ],
    [
      30,
      0.31653
    ],
    [
      31,
      0.31536
    ],
    [
      32,
      0.31463
    ],
    [
      33,
      0.3194
    ],
    [
      34,
      0.31917
    ],
    [
      35,
      0.32115
    ],
    [
      36,
      0.32041
    ],
    [
      37,
      0.31996
    ],
    [
      38,
      0.31908
    ],
    [
      39,
      0.31848
    ],
    [
      40,
      0.3186
    ],
    [
      41,
      0.31636
    ],
    [
      42,
      0.3144
    ],
    [
      43,
      0.31819
    ],
    [
      44,
      0.32035
    ],
    [
      45,
      0.31815
    ],
    [
      46,
      0.31826
    ],
    [
      47,
      0.31988
    ],
    [
      48,
      0.31968
    ],
    [
      49,
      0.32034
    ],
    [
      50,
      0.31805
    ],
    [
      51,
      0.31734
    ],
    [
      52,
      0.31709
    ],
    [
      53,
      0.31643
    ],
    [
      54,
      0.3168
    ],
    [
      55,
      0.31615
    ],
    [
      56,
      0.31768
    ],
    [
      57,
      0.31731
    ],
    [
      58,
      0.3191
    ],
    [
      59,
      0.31677
    ],
    [
      60,
      0.31546
    ],
    [
      61,
      0.31669
    ],
    [
      62,
      0.31613
    ],
    [
      63,
      0.31577
    ],
    [
      64,
      0.31728
    ],
    [
      65,
      0.31811
    ],
    [
      66,
      0.31791
    ],
    [
      67,
      0.31769
    ],
    [
      68,
      0.31838
    ],
    [
      69,
      0.31718
    ],
    [
      70,
      0.31646
    ],
    [
      71,
      0.31982
    ],
    [
      72,
      0.31618
    ],
    [
      73,
      0.316
    ],
    [
      74,
      0.3191
    ],
    [
      75,
      0.31854
    ],
    [
      76,
      0.31828
    ],
    [
      77,
      0.31864
    ],
    [
      78,
      0.318
    ],
    [
      79,
      0.31797
    ],
    [
      80,
      0.31823
    ],
    [
      81,
      0.31848
    ],
    [
      82,
      0.31847
    ],
    [
      83,
      0.31673
    ],
    [
      84,
      0.31813
    ],
    [
      85,
      0.31931
    ],
    [
      86,
      0.31734
    ],
    [
      87,
      0.31673
    ],
    [
      88,
      0.31731
    ],
    [
      89,
      0.31933
    ],
    [
      90,
      0.31675
    ],
    [
      91,
      0.31586
    ],
    [
      92,
      0.31558
    ],
    [
      93,
      0.3179
    ],
    [
      94,
      0.31918
    ],
    [
      95,
      0.3187
    ],
    [
      96,
      0.31715
    ],
    [
      97,
      0.31742
    ],
    [
      98,
      0.31833
    ],
    [
      99,
      0.31805
    ],
    [
      100,
      0.31731
    ]
  ],